{
  "lang":"en",
  "name":"pipeline",
  "version":"0.0.0",
  "spacy_version":">=3.2.3,<3.3.0",
  "description":"",
  "author":"",
  "email":"",
  "url":"",
  "license":"",
  "spacy_git_version":"99425de36",
  "vectors":{
    "width":0,
    "vectors":0,
    "keys":0,
    "name":null,
    "mode":"default"
  },
  "labels":{
    "tok2vec":[

    ],
    "ner":[
      "B",
      "DES",
      "EMAIL",
      "I",
      "NAME",
      "ORG",
      "PHONE",
      "WEB"
    ]
  },
  "pipeline":[
    "tok2vec",
    "ner"
  ],
  "components":[
    "tok2vec",
    "ner"
  ],
  "disabled":[

  ],
  "performance":{
    "ents_f":0.6047516199,
    "ents_p":0.593220339,
    "ents_r":0.6167400881,
    "ents_per_type":{
      "B-EMAIL":{
        "p":0.8333333333,
        "r":0.652173913,
        "f":0.7317073171
      },
      "B-WEB":{
        "p":0.875,
        "r":0.7,
        "f":0.7777777778
      },
      "I-ORG":{
        "p":0.42,
        "r":0.724137931,
        "f":0.5316455696
      },
      "B-ORG":{
        "p":0.5263157895,
        "r":0.4545454545,
        "f":0.487804878
      },
      "B-PHONE":{
        "p":0.6222222222,
        "r":0.7777777778,
        "f":0.6913580247
      },
      "I-PHONE":{
        "p":0.7307692308,
        "r":0.5135135135,
        "f":0.6031746032
      },
      "B-NAME":{
        "p":0.5882352941,
        "r":0.6666666667,
        "f":0.625
      },
      "B-DES":{
        "p":0.4375,
        "r":0.6363636364,
        "f":0.5185185185
      },
      "I-DES":{
        "p":0.5294117647,
        "r":0.6923076923,
        "f":0.6
      },
      "I-NAME":{
        "p":0.7058823529,
        "r":0.6666666667,
        "f":0.6857142857
      },
      "PHONE":{
        "p":0.0,
        "r":0.0,
        "f":0.0
      },
      "I-EMAIL":{
        "p":0.6666666667,
        "r":0.2857142857,
        "f":0.4
      },
      "I-WEB":{
        "p":0.0,
        "r":0.0,
        "f":0.0
      },
      "I-OR":{
        "p":0.0,
        "r":0.0,
        "f":0.0
      }
    },
    "tok2vec_loss":844.2543429991,
    "ner_loss":500.9783080569
  }
}